,CPY,RPY,abs-deviation,num-cites,rank
0,1978,1950,2,2,22
1,1978,1951,0,0,0
2,1978,1952,-1,0,0
3,1978,1953,2,3,23
4,1978,1954,0,1,8
5,1978,1955,0,2,9
6,1978,1956,-1,1,5
7,1978,1957,2,4,24
8,1978,1958,-1,2,6
9,1978,1959,0,3,10
10,1978,1960,1,4,21
11,1978,1961,-2,2,3
12,1978,1962,0,5,11
13,1978,1963,0,7,12
14,1978,1964,0,8,13
15,1978,1965,0,8,14
16,1978,1966,4,12,28
17,1978,1967,2,14,25
18,1978,1968,-7,6,2
19,1978,1969,0,14,15
20,1978,1970,0,13,16
21,1978,1971,7,21,29
22,1978,1972,-13,8,1
23,1978,1973,0,22,17
24,1978,1974,3,25,26
25,1978,1975,3,25,27
26,1978,1976,0,21,18
27,1978,1977,0,0,0
28,1978,1978,0,0,0
29,1979,1950,0,1,10
30,1979,1951,2,3,22
31,1979,1952,-1,1,7
32,1979,1953,1,3,21
33,1979,1954,0,2,11
34,1979,1955,0,2,12
35,1979,1956,-1,1,8
36,1979,1957,6,8,28
37,1979,1958,-1,1,9
38,1979,1959,0,2,13
39,1979,1960,5,7,25
40,1979,1961,-2,1,6
41,1979,1962,-4,3,3
42,1979,1963,0,14,14
43,1979,1964,2,19,23
44,1979,1965,0,17,15
45,1979,1966,3,20,24
46,1979,1967,0,17,16
47,1979,1968,-3,14,5
48,1979,1969,-4,13,4
49,1979,1970,5,22,26
50,1979,1971,-5,17,1
51,1979,1972,5,31,27
52,1979,1973,-5,26,2
53,1979,1974,0,32,17
54,1979,1975,0,33,18
55,1979,1976,18,51,29
56,1979,1977,24,57,30
57,1979,1978,0,0,0
58,1979,1979,0,0,0
59,1980,1950,-1,1,6
60,1980,1951,0,2,10
61,1980,1952,-1,1,7
62,1980,1953,0,2,11
63,1980,1954,0,2,12
64,1980,1955,-1,1,8
65,1980,1956,1,5,23
66,1980,1957,0,4,13
67,1980,1958,0,4,14
68,1980,1959,2,6,25
69,1980,1960,0,4,15
70,1980,1961,-2,4,3
71,1980,1962,0,8,16
72,1980,1963,8,20,29
73,1980,1964,0,12,17
74,1980,1965,-2,12,4
75,1980,1966,0,14,18
76,1980,1967,3,17,27
77,1980,1968,-3,14,1
78,1980,1969,3,30,28
79,1980,1970,0,30,19
80,1980,1971,-3,27,2
81,1980,1972,1,40,24
82,1980,1973,-1,39,9
83,1980,1974,2,46,26
84,1980,1975,-2,44,5
85,1980,1976,12,58,30
86,1980,1977,24,68,31
87,1980,1978,0,39,20
88,1980,1979,0,0,0
89,1980,1980,0,0,0
90,1981,1950,0,1,12
91,1981,1951,-1,0,0
92,1981,1952,0,1,13
93,1981,1953,1,2,24
94,1981,1954,-1,0,0
95,1981,1955,0,2,14
96,1981,1956,0,1,15
97,1981,1957,0,2,16
98,1981,1958,-1,1,9
99,1981,1959,1,6,25
100,1981,1960,-1,5,10
101,1981,1961,0,6,17
102,1981,1962,2,8,27
103,1981,1963,0,7,18
104,1981,1964,-4,4,1
105,1981,1965,3,14,29
106,1981,1966,1,12,26
107,1981,1967,-1,11,11
108,1981,1968,-3,9,2
109,1981,1969,5,20,31
110,1981,1970,-2,15,4
111,1981,1971,-3,17,3
112,1981,1972,0,22,19
113,1981,1973,2,28,28
114,1981,1974,-2,26,5
115,1981,1975,14,42,32
116,1981,1976,0,30,20
117,1981,1977,-2,28,6
118,1981,1978,3,31,30
119,1981,1979,0,26,21
120,1981,1980,0,0,0
121,1981,1981,0,0,0
122,1982,1950,0,1,12
123,1982,1951,0,1,13
124,1982,1952,-1,0,0
125,1982,1953,4,5,26
126,1982,1954,-1,1,9
127,1982,1955,0,4,14
128,1982,1956,-2,2,7
129,1982,1957,6,10,32
130,1982,1958,1,6,24
131,1982,1959,-4,2,4
132,1982,1960,-1,5,10
133,1982,1961,1,9,25
134,1982,1962,0,8,15
135,1982,1963,6,15,33
136,1982,1964,-10,4,1
137,1982,1965,-1,14,11
138,1982,1966,4,18,27
139,1982,1967,4,18,28
140,1982,1968,-6,12,2
141,1982,1969,-4,14,5
142,1982,1970,5,20,31
143,1982,1971,0,20,16
144,1982,1972,-5,15,3
145,1982,1973,4,24,29
146,1982,1974,-4,20,6
147,1982,1975,0,28,17
148,1982,1976,0,28,18
149,1982,1977,0,32,19
150,1982,1978,0,37,20
151,1982,1979,4,41,30
152,1982,1980,0,37,21
153,1982,1981,0,0,0
154,1982,1982,0,0,0
155,1983,1950,2,2,25
156,1983,1951,-1,0,0
157,1983,1952,0,0,0
158,1983,1953,1,1,22
159,1983,1954,-1,0,0
160,1983,1955,1,2,23
161,1983,1956,0,1,13
162,1983,1957,2,3,26
163,1983,1958,0,1,14
164,1983,1959,-1,0,0
165,1983,1960,4,5,31
166,1983,1961,-3,0,0
167,1983,1962,3,6,28
168,1983,1963,0,3,15
169,1983,1964,-1,3,9
170,1983,1965,3,7,29
171,1983,1966,-1,4,10
172,1983,1967,-2,5,4
173,1983,1968,2,7,27
174,1983,1969,7,12,32
175,1983,1970,-2,5,5
176,1983,1971,-7,5,1
177,1983,1972,0,14,16
178,1983,1973,0,15,17
179,1983,1974,0,20,18
180,1983,1975,3,24,30
181,1983,1976,-3,21,3
182,1983,1977,1,30,24
183,1983,1978,0,29,19
184,1983,1979,-1,29,11
185,1983,1980,131,160,34
186,1983,1981,123,152,33
187,1983,1982,0,0,0
188,1983,1983,0,0,0
189,1984,1950,-1,2,10
190,1984,1951,1,4,23
191,1984,1952,-2,1,7
192,1984,1953,0,3,13
193,1984,1954,0,3,14
194,1984,1955,1,4,24
195,1984,1956,0,3,15
196,1984,1957,3,6,28
197,1984,1958,0,3,16
198,1984,1959,-3,3,3
199,1984,1960,0,8,17
200,1984,1961,0,8,18
201,1984,1962,2,10,27
202,1984,1963,-2,8,8
203,1984,1964,1,11,25
204,1984,1965,6,15,31
205,1984,1966,-3,8,4
206,1984,1967,0,9,19
207,1984,1968,5,14,29
208,1984,1969,-2,8,9
209,1984,1970,0,13,20
210,1984,1971,-3,10,5
211,1984,1972,5,18,30
212,1984,1973,17,35,33
213,1984,1974,-12,13,1
214,1984,1975,-9,25,2
215,1984,1976,8,41,32
216,1984,1977,1,34,26
217,1984,1978,-1,33,11
218,1984,1979,-3,31,6
219,1984,1980,0,37,21
220,1984,1981,58,95,34
221,1984,1982,136,173,35
222,1984,1983,0,0,0
223,1984,1984,0,0,0
224,1985,1950,0,3,13
225,1985,1951,0,3,14
226,1985,1952,-2,1,6
227,1985,1953,0,3,15
228,1985,1954,-1,2,8
229,1985,1955,0,3,16
230,1985,1956,0,3,17
231,1985,1957,0,5,18
232,1985,1958,1,6,27
233,1985,1959,0,5,19
234,1985,1960,9,15,34
235,1985,1961,-4,5,5
236,1985,1962,-1,9,9
237,1985,1963,8,18,33
238,1985,1964,-8,10,2
239,1985,1965,0,23,20
240,1985,1966,2,25,29
241,1985,1967,5,28,31
242,1985,1968,-12,13,1
243,1985,1969,-7,21,3
244,1985,1970,1,34,28
245,1985,1971,0,33,21
246,1985,1972,-1,33,10
247,1985,1973,0,49,22
248,1985,1974,2,51,30
249,1985,1975,-2,49,7
250,1985,1976,6,64,32
251,1985,1977,-6,58,4
252,1985,1978,0,66,23
253,1985,1979,0,103,24
254,1985,1980,0,103,25
255,1985,1981,0,112,26
256,1985,1982,11,123,35
257,1985,1983,109,221,36
258,1985,1984,0,0,0
259,1985,1985,0,0,0
260,1986,1950,0,0,0
261,1986,1951,2,2,29
262,1986,1952,0,0,0
263,1986,1953,-2,0,0
264,1986,1954,0,3,16
265,1986,1955,0,3,17
266,1986,1956,0,3,18
267,1986,1957,0,2,19
268,1986,1958,-2,0,0
269,1986,1959,-1,1,10
270,1986,1960,1,2,25
271,1986,1961,4,6,30
272,1986,1962,-5,1,3
273,1986,1963,6,13,34
274,1986,1964,-4,7,5
275,1986,1965,1,12,26
276,1986,1966,1,11,27
277,1986,1967,0,10,20
278,1986,1968,-2,8,9
279,1986,1969,0,9,21
280,1986,1970,5,14,33
281,1986,1971,-5,9,4
282,1986,1972,9,23,35
283,1986,1973,-9,14,2
284,1986,1974,1,24,28
285,1986,1975,0,24,22
286,1986,1976,-1,23,11
287,1986,1977,0,35,23
288,1986,1978,4,41,31
289,1986,1979,11,48,36
290,1986,1980,-4,37,6
291,1986,1981,-23,25,1
292,1986,1982,0,57,24
293,1986,1983,4,61,32
294,1986,1984,33,90,37
295,1986,1985,0,0,0
296,1986,1986,0,0,0
297,1987,1950,-2,1,8
298,1987,1951,2,5,27
299,1987,1952,0,3,13
300,1987,1953,0,3,14
301,1987,1954,2,5,28
302,1987,1955,-2,1,9
303,1987,1956,2,6,29
304,1987,1957,0,3,15
305,1987,1958,0,4,16
306,1987,1959,0,3,17
307,1987,1960,2,6,30
308,1987,1961,-3,1,6
309,1987,1962,-1,4,10
310,1987,1963,5,10,33
311,1987,1964,-5,5,4
312,1987,1965,0,12,18
313,1987,1966,1,14,26
314,1987,1967,0,13,19
315,1987,1968,0,13,20
316,1987,1969,2,15,31
317,1987,1970,0,13,21
318,1987,1971,-3,12,7
319,1987,1972,9,27,35
320,1987,1973,0,22,22
321,1987,1974,-8,18,3
322,1987,1975,0,26,23
323,1987,1976,4,32,32
324,1987,1977,6,38,34
325,1987,1978,-4,28,5
326,1987,1979,11,49,36
327,1987,1980,-15,18,1
328,1987,1981,0,46,24
329,1987,1982,-13,33,2
330,1987,1983,0,48,25
331,1987,1984,17,65,37
332,1987,1985,121,169,38
333,1987,1986,0,0,0
334,1987,1987,0,0,0
335,1988,1950,-1,0,0
336,1988,1951,0,1,12
337,1988,1952,-1,0,0
338,1988,1953,1,2,30
339,1988,1954,0,1,13
340,1988,1955,0,1,14
341,1988,1956,0,1,15
342,1988,1957,0,4,16
343,1988,1958,1,5,31
344,1988,1959,2,7,33
345,1988,1960,-1,4,6
346,1988,1961,-1,5,7
347,1988,1962,0,6,17
348,1988,1963,2,8,34
349,1988,1964,-2,6,2
350,1988,1965,0,8,18
351,1988,1966,0,8,19
352,1988,1967,3,14,37
353,1988,1968,2,13,35
354,1988,1969,-2,11,3
355,1988,1970,0,11,20
356,1988,1971,2,13,36
357,1988,1972,0,11,21
358,1988,1973,3,16,38
359,1988,1974,-7,9,1
360,1988,1975,0,17,22
361,1988,1976,0,24,23
362,1988,1977,0,30,24
363,1988,1978,1,33,32
364,1988,1979,-1,32,8
365,1988,1980,0,35,25
366,1988,1981,0,36,26
367,1988,1982,0,61,27
368,1988,1983,0,96,28
369,1988,1984,1,136,29
370,1988,1985,0,135,9
371,1988,1986,72,207,39
372,1988,1987,0,0,0
373,1988,1988,0,0,0
374,1989,1950,-1,1,8
375,1989,1951,2,4,32
376,1989,1952,-1,2,9
377,1989,1953,0,3,16
378,1989,1954,1,4,28
379,1989,1955,0,3,17
380,1989,1956,-2,0,0
381,1989,1957,0,2,18
382,1989,1958,-1,1,10
383,1989,1959,0,2,19
384,1989,1960,0,4,20
385,1989,1961,0,4,21
386,1989,1962,1,9,29
387,1989,1963,1,10,30
388,1989,1964,-2,8,7
389,1989,1965,3,14,33
390,1989,1966,1,12,31
391,1989,1967,-1,11,11
392,1989,1968,-1,11,12
393,1989,1969,0,19,22
394,1989,1970,3,22,34
395,1989,1971,-3,19,5
396,1989,1972,0,28,23
397,1989,1973,4,35,36
398,1989,1974,-4,31,4
399,1989,1975,0,37,24
400,1989,1976,0,37,25
401,1989,1977,6,50,37
402,1989,1978,-6,44,3
403,1989,1979,14,66,39
404,1989,1980,0,59,26
405,1989,1981,-7,52,2
406,1989,1982,0,59,27
407,1989,1983,8,69,38
408,1989,1984,-8,61,1
409,1989,1985,32,140,40
410,1989,1986,0,108,13
411,1989,1987,4,112,35
412,1989,1988,0,0,0
413,1989,1989,0,0,0
414,1990,1950,0,2,18
415,1990,1951,-2,0,0
416,1990,1952,0,0,0
417,1990,1953,2,2,32
418,1990,1954,0,0,0
419,1990,1955,-2,0,0
420,1990,1956,2,3,33
421,1990,1957,3,5,36
422,1990,1958,-2,1,8
423,1990,1959,0,2,21
424,1990,1960,1,3,26
425,1990,1961,-2,1,9
426,1990,1962,0,3,22
427,1990,1963,1,4,27
428,1990,1964,-2,2,10
429,1990,1965,1,6,28
430,1990,1966,-1,5,11
431,1990,1967,3,9,37
432,1990,1968,1,10,29
433,1990,1969,-7,3,2
434,1990,1970,0,11,23
435,1990,1971,1,15,30
436,1990,1972,-1,14,12
437,1990,1973,4,21,38
438,1990,1974,0,19,24
439,1990,1975,-4,17,3
440,1990,1976,10,32,39
441,1990,1977,-9,22,1
442,1990,1978,-1,31,13
443,1990,1979,1,40,31
444,1990,1980,2,42,34
445,1990,1981,-3,39,4
446,1990,1982,0,44,25
447,1990,1983,2,67,35
448,1990,1984,-2,65,5
449,1990,1985,0,74,14
450,1990,1986,49,133,41
451,1990,1987,0,84,15
452,1990,1988,13,97,40
453,1990,1989,0,0,0
454,1990,1990,0,0,0
455,1991,1950,0,1,17
456,1991,1951,0,1,18
457,1991,1952,0,1,19
458,1991,1953,0,1,20
459,1991,1954,1,2,31
460,1991,1955,0,1,21
461,1991,1956,0,1,22
462,1991,1957,10,11,39
463,1991,1958,-3,0,0
464,1991,1959,0,3,23
465,1991,1960,5,8,36
466,1991,1961,-3,1,7
467,1991,1962,-4,4,5
468,1991,1963,8,21,38
469,1991,1964,0,13,24
470,1991,1965,0,13,25
471,1991,1966,-2,11,9
472,1991,1967,-5,8,4
473,1991,1968,10,22,40
474,1991,1969,3,15,34
475,1991,1970,-3,12,8
476,1991,1971,-8,7,1
477,1991,1972,1,22,32
478,1991,1973,1,23,33
479,1991,1974,-2,21,10
480,1991,1975,0,25,26
481,1991,1976,0,25,27
482,1991,1977,4,29,35
483,1991,1978,-6,23,2
484,1991,1979,5,34,37
485,1991,1980,0,33,28
486,1991,1981,-6,28,3
487,1991,1982,0,43,29
488,1991,1983,0,45,30
489,1991,1984,0,63,11
490,1991,1985,0,77,12
491,1991,1986,0,78,13
492,1991,1987,0,94,14
493,1991,1988,30,124,41
494,1991,1989,35,129,42
495,1991,1990,0,0,0
496,1991,1991,0,0,0
497,1992,1950,0,3,19
498,1992,1951,0,3,20
499,1992,1952,-1,0,0
500,1992,1953,-1,0,0
501,1992,1954,1,1,31
502,1992,1955,1,2,32
503,1992,1956,-2,0,0
504,1992,1957,1,3,33
505,1992,1958,0,2,21
506,1992,1959,0,2,22
507,1992,1960,-2,0,0
508,1992,1961,-1,1,11
509,1992,1962,0,2,23
510,1992,1963,2,7,35
511,1992,1964,-2,5,7
512,1992,1965,5,12,38
513,1992,1966,2,10,36
514,1992,1967,-6,4,3
515,1992,1968,-2,8,8
516,1992,1969,0,10,24
517,1992,1970,0,12,25
518,1992,1971,0,14,26
519,1992,1972,0,15,27
520,1992,1973,4,19,37
521,1992,1974,-1,15,12
522,1992,1975,-1,16,13
523,1992,1976,0,17,28
524,1992,1977,0,27,29
525,1992,1978,0,36,30
526,1992,1979,12,48,42
527,1992,1980,1,38,34
528,1992,1981,-6,32,4
529,1992,1982,-1,37,14
530,1992,1983,6,46,40
531,1992,1984,-6,40,2
532,1992,1985,0,54,15
533,1992,1986,10,106,41
534,1992,1987,-10,96,1
535,1992,1988,0,124,16
536,1992,1989,6,130,39
537,1992,1990,20,144,43
538,1992,1991,0,0,0
539,1992,1992,0,0,0
540,1993,1950,-1,0,0
541,1993,1951,0,1,13
542,1993,1952,0,1,14
543,1993,1953,2,3,35
544,1993,1954,-1,0,0
545,1993,1955,-1,1,9
546,1993,1956,1,2,32
547,1993,1957,3,4,37
548,1993,1958,-1,1,10
549,1993,1959,0,1,15
550,1993,1960,4,5,39
551,1993,1961,-3,1,3
552,1993,1962,-1,4,11
553,1993,1963,5,9,42
554,1993,1964,2,8,36
555,1993,1965,-3,3,4
556,1993,1966,0,6,16
557,1993,1967,0,6,17
558,1993,1968,0,9,18
559,1993,1969,3,13,38
560,1993,1970,0,12,19
561,1993,1971,-2,10,6
562,1993,1972,0,12,20
563,1993,1973,0,12,21
564,1993,1974,-1,11,12
565,1993,1975,0,17,22
566,1993,1976,4,21,40
567,1993,1977,1,22,33
568,1993,1978,-8,14,1
569,1993,1979,5,29,43
570,1993,1980,-3,24,5
571,1993,1981,0,27,23
572,1993,1982,0,27,24
573,1993,1983,0,36,25
574,1993,1984,0,36,26
575,1993,1985,0,44,27
576,1993,1986,4,65,41
577,1993,1987,-4,61,2
578,1993,1988,0,95,28
579,1993,1989,0,101,29
580,1993,1990,10,111,44
581,1993,1991,1,102,34
582,1993,1992,0,0,0
583,1993,1993,0,0,0
584,1994,1950,0,1,14
585,1994,1951,-1,0,0
586,1994,1952,0,0,0
587,1994,1953,2,2,36
588,1994,1954,-2,0,0
589,1994,1955,0,2,16
590,1994,1956,1,3,32
591,1994,1957,1,3,33
592,1994,1958,-2,1,9
593,1994,1959,0,1,17
594,1994,1960,6,7,39
595,1994,1961,-5,0,0
596,1994,1962,-2,5,10
597,1994,1963,6,15,40
598,1994,1964,0,9,18
599,1994,1965,0,9,19
600,1994,1966,-2,6,11
601,1994,1967,0,8,20
602,1994,1968,0,8,21
603,1994,1969,10,20,43
604,1994,1970,0,14,22
605,1994,1971,-7,10,4
606,1994,1972,1,17,34
607,1994,1973,3,19,37
608,1994,1974,-1,16,13
609,1994,1975,-10,9,2
610,1994,1976,0,23,23
611,1994,1977,1,31,35
612,1994,1978,0,30,24
613,1994,1979,6,36,41
614,1994,1980,-5,25,7
615,1994,1981,0,26,25
616,1994,1982,4,30,38
617,1994,1983,-7,23,5
618,1994,1984,0,31,26
619,1994,1985,20,58,45
620,1994,1986,-11,38,1
621,1994,1987,-9,49,3
622,1994,1988,0,72,27
623,1994,1989,0,88,28
624,1994,1990,0,113,29
625,1994,1991,9,122,42
626,1994,1992,11,124,44
627,1994,1993,0,0,0
628,1994,1994,0,0,0
629,1995,1950,0,1,15
630,1995,1951,1,2,32
631,1995,1952,0,1,16
632,1995,1953,0,1,17
633,1995,1954,-1,0,0
634,1995,1955,0,1,18
635,1995,1956,0,1,19
636,1995,1957,3,4,37
637,1995,1958,0,1,20
638,1995,1959,-1,1,12
639,1995,1960,0,2,21
640,1995,1961,2,6,34
641,1995,1962,-1,4,13
642,1995,1963,2,8,35
643,1995,1964,-3,5,8
644,1995,1965,6,14,40
645,1995,1966,0,8,22
646,1995,1967,-4,6,5
647,1995,1968,0,10,23
648,1995,1969,0,10,24
649,1995,1970,1,12,33
650,1995,1971,-1,11,14
651,1995,1972,0,12,25
652,1995,1973,9,23,42
653,1995,1974,2,17,36
654,1995,1975,-3,14,9
655,1995,1976,-2,15,10
656,1995,1977,0,23,26
657,1995,1978,0,26,27
658,1995,1979,17,43,43
659,1995,1980,4,30,38
660,1995,1981,-7,23,4
661,1995,1982,-4,24,6
662,1995,1983,23,51,45
663,1995,1984,-13,28,2
664,1995,1985,-10,41,3
665,1995,1986,4,58,39
666,1995,1987,-4,54,7
667,1995,1988,7,88,41
668,1995,1989,0,81,28
669,1995,1990,0,88,29
670,1995,1991,-17,71,1
671,1995,1992,18,106,44
672,1995,1993,79,150,46
673,1995,1994,0,0,0
674,1995,1995,0,0,0
675,1996,1950,0,0,0
676,1996,1951,0,0,0
677,1996,1952,0,0,0
678,1996,1953,0,0,0
679,1996,1954,1,1,37
680,1996,1955,0,1,14
681,1996,1956,-1,0,0
682,1996,1957,0,1,15
683,1996,1958,2,4,39
684,1996,1959,-1,2,8
685,1996,1960,-1,3,9
686,1996,1961,0,4,16
687,1996,1962,1,5,38
688,1996,1963,7,11,43
689,1996,1964,0,4,17
690,1996,1965,0,4,18
691,1996,1966,-2,2,5
692,1996,1967,-2,2,6
693,1996,1968,0,5,19
694,1996,1969,4,9,42
695,1996,1970,3,12,41
696,1996,1971,-9,3,2
697,1996,1972,2,14,40
698,1996,1973,0,12,20
699,1996,1974,0,12,21
700,1996,1975,0,12,22
701,1996,1976,0,16,23
702,1996,1977,0,17,24
703,1996,1978,0,18,25
704,1996,1979,10,29,45
705,1996,1980,0,19,26
706,1996,1981,0,23,27
707,1996,1982,-12,11,1
708,1996,1983,0,32,28
709,1996,1984,0,32,29
710,1996,1985,0,41,30
711,1996,1986,0,42,31
712,1996,1987,0,54,32
713,1996,1988,0,67,33
714,1996,1989,11,81,46
715,1996,1990,-7,70,3
716,1996,1991,-4,77,4
717,1996,1992,0,116,34
718,1996,1993,33,149,47
719,1996,1994,8,124,44
720,1996,1995,0,0,0
721,1996,1996,0,0,0
722,1997,1950,-1,0,0
723,1997,1951,1,2,35
724,1997,1952,0,1,14
725,1997,1953,-1,0,0
726,1997,1954,0,1,15
727,1997,1955,-1,0,0
728,1997,1956,0,1,16
729,1997,1957,1,2,36
730,1997,1958,0,1,17
731,1997,1959,-2,0,0
732,1997,1960,0,3,18
733,1997,1961,0,7,19
734,1997,1962,0,7,20
735,1997,1963,6,13,43
736,1997,1964,-2,5,7
737,1997,1965,1,10,37
738,1997,1966,0,7,21
739,1997,1967,0,9,22
740,1997,1968,-4,5,5
741,1997,1969,0,9,23
742,1997,1970,5,14,42
743,1997,1971,-5,8,4
744,1997,1972,0,13,24
745,1997,1973,13,26,45
746,1997,1974,0,13,25
747,1997,1975,-1,12,12
748,1997,1976,-2,11,8
749,1997,1977,0,17,26
750,1997,1978,4,22,40
751,1997,1979,15,37,46
752,1997,1980,-7,18,3
753,1997,1981,0,25,27
754,1997,1982,1,26,38
755,1997,1983,-1,25,13
756,1997,1984,0,34,28
757,1997,1985,0,35,29
758,1997,1986,10,48,44
759,1997,1987,-10,38,2
760,1997,1988,0,48,30
761,1997,1989,0,50,31
762,1997,1990,0,69,32
763,1997,1991,3,75,39
764,1997,1992,24,99,47
765,1997,1993,-27,72,1
766,1997,1994,4,103,41
767,1997,1995,71,143,48
768,1997,1996,0,0,0
769,1997,1997,0,0,0
770,1998,1950,0,1,17
771,1998,1951,0,1,18
772,1998,1952,-1,0,0
773,1998,1953,0,1,19
774,1998,1954,0,1,20
775,1998,1955,4,5,40
776,1998,1956,-3,0,0
777,1998,1957,0,3,21
778,1998,1958,0,3,22
779,1998,1959,-3,0,0
780,1998,1960,0,4,23
781,1998,1961,0,4,24
782,1998,1962,1,5,36
783,1998,1963,0,5,25
784,1998,1964,-1,4,14
785,1998,1965,8,13,44
786,1998,1966,-5,3,5
787,1998,1967,2,11,37
788,1998,1968,-1,8,15
789,1998,1969,0,9,26
790,1998,1970,4,13,41
791,1998,1971,-2,7,11
792,1998,1972,-4,9,6
793,1998,1973,6,21,42
794,1998,1974,0,18,27
795,1998,1975,-6,15,4
796,1998,1976,0,21,28
797,1998,1977,7,29,43
798,1998,1978,0,22,29
799,1998,1979,9,38,46
800,1998,1980,-14,18,1
801,1998,1981,-1,32,16
802,1998,1982,0,33,30
803,1998,1983,9,42,47
804,1998,1984,-7,33,3
805,1998,1985,-2,40,12
806,1998,1986,3,47,38
807,1998,1987,-3,44,9
808,1998,1988,0,61,31
809,1998,1989,3,74,39
810,1998,1990,8,80,45
811,1998,1991,-3,71,10
812,1998,1992,-8,72,2
813,1998,1993,0,120,32
814,1998,1994,0,125,33
815,1998,1995,81,206,49
816,1998,1996,70,195,48
817,1998,1997,0,0,0
818,1998,1998,0,0,0
819,1999,1950,-1,0,0
820,1999,1951,3,6,39
821,1999,1952,-1,1,13
822,1999,1953,1,3,33
823,1999,1954,1,2,34
824,1999,1955,-1,1,14
825,1999,1956,-2,0,0
826,1999,1957,3,5,40
827,1999,1958,0,3,19
828,1999,1959,-1,2,15
829,1999,1960,1,3,35
830,1999,1961,0,2,20
831,1999,1962,-1,2,16
832,1999,1963,7,10,44
833,1999,1964,-3,3,7
834,1999,1965,1,8,36
835,1999,1966,-1,6,17
836,1999,1967,0,7,21
837,1999,1968,0,7,22
838,1999,1969,-3,4,8
839,1999,1970,2,10,38
840,1999,1971,-2,8,11
841,1999,1972,4,14,42
842,1999,1973,9,21,46
843,1999,1974,-7,7,2
844,1999,1975,-7,12,3
845,1999,1976,9,23,47
846,1999,1977,0,19,23
847,1999,1978,-7,14,4
848,1999,1979,3,24,41
849,1999,1980,-3,21,9
850,1999,1981,0,25,24
851,1999,1982,0,25,25
852,1999,1983,1,31,37
853,1999,1984,-1,30,18
854,1999,1985,12,47,48
855,1999,1986,0,44,26
856,1999,1987,-12,35,1
857,1999,1988,0,49,27
858,1999,1989,0,62,28
859,1999,1990,7,70,45
860,1999,1991,-7,63,5
861,1999,1992,4,92,43
862,1999,1993,-4,88,6
863,1999,1994,0,99,29
864,1999,1995,0,122,30
865,1999,1996,37,159,49
866,1999,1997,47,169,50
867,1999,1998,0,0,0
868,1999,1999,0,0,0
869,2000,1950,1,3,35
870,2000,1951,0,2,18
871,2000,1952,-1,1,12
872,2000,1953,3,5,39
873,2000,1954,-3,1,6
874,2000,1955,0,4,19
875,2000,1956,0,4,20
876,2000,1957,-1,3,13
877,2000,1958,3,6,40
878,2000,1959,0,2,21
879,2000,1960,-1,1,14
880,2000,1961,-1,1,15
881,2000,1962,1,6,36
882,2000,1963,3,9,41
883,2000,1964,-3,5,7
884,2000,1965,0,8,22
885,2000,1966,2,9,38
886,2000,1967,-2,5,10
887,2000,1968,1,7,37
888,2000,1969,0,6,23
889,2000,1970,-1,6,16
890,2000,1971,0,8,24
891,2000,1972,0,8,25
892,2000,1973,9,23,49
893,2000,1974,3,17,42
894,2000,1975,-3,14,8
895,2000,1976,-2,12,11
896,2000,1977,8,22,46
897,2000,1978,-10,12,3
898,2000,1979,8,30,47
899,2000,1980,-1,22,17
900,2000,1981,-3,23,9
901,2000,1982,0,26,26
902,2000,1983,0,26,27
903,2000,1984,0,30,28
904,2000,1985,0,42,29
905,2000,1986,6,51,45
906,2000,1987,-6,45,4
907,2000,1988,5,61,43
908,2000,1989,-5,56,5
909,2000,1990,8,79,48
910,2000,1991,0,71,30
911,2000,1992,25,104,50
912,2000,1993,-19,68,1
913,2000,1994,-17,87,2
914,2000,1995,0,109,31
915,2000,1996,5,124,44
916,2000,1997,0,119,32
917,2000,1998,45,164,51
918,2000,1999,0,0,0
919,2000,2000,0,0,0
920,2001,1950,-3,1,9
921,2001,1951,0,4,15
922,2001,1952,-1,2,13
923,2001,1953,2,6,42
924,2001,1954,-3,3,10
925,2001,1955,1,7,38
926,2001,1956,0,6,16
927,2001,1957,0,6,17
928,2001,1958,1,7,39
929,2001,1959,-1,6,14
930,2001,1960,0,13,18
931,2001,1961,0,15,19
932,2001,1962,0,15,20
933,2001,1963,9,24,45
934,2001,1964,-3,13,11
935,2001,1965,-8,16,6
936,2001,1966,0,24,21
937,2001,1967,14,43,46
938,2001,1968,-6,29,7
939,2001,1969,0,35,22
940,2001,1970,0,35,23
941,2001,1971,2,40,43
942,2001,1972,-2,38,12
943,2001,1973,24,65,48
944,2001,1974,-4,41,8
945,2001,1975,-13,45,4
946,2001,1976,0,58,24
947,2001,1977,19,79,47
948,2001,1978,0,60,25
949,2001,1979,0,73,26
950,2001,1980,-15,58,3
951,2001,1981,0,81,27
952,2001,1982,1,82,40
953,2001,1983,1,83,41
954,2001,1984,-12,71,5
955,2001,1985,3,86,44
956,2001,1986,33,119,50
957,2001,1987,-36,83,1
958,2001,1988,0,120,28
959,2001,1989,0,141,29
960,2001,1990,29,198,49
961,2001,1991,-29,169,2
962,2001,1992,0,209,30
963,2001,1993,0,210,31
964,2001,1994,0,296,32
965,2001,1995,0,304,33
966,2001,1996,0,355,34
967,2001,1997,0,478,35
968,2001,1998,43,521,51
969,2001,1999,67,545,52
970,2001,2000,0,0,0
971,2001,2001,0,0,0
972,2002,1950,0,3,19
973,2002,1951,-1,2,17
974,2002,1952,-2,0,0
975,2002,1953,4,6,43
976,2002,1954,-4,2,11
977,2002,1955,3,9,39
978,2002,1956,0,6,20
979,2002,1957,0,8,21
980,2002,1958,-5,2,8
981,2002,1959,3,10,40
982,2002,1960,0,7,22
983,2002,1961,-3,6,14
984,2002,1962,8,15,46
985,2002,1963,0,9,23
986,2002,1964,-7,5,6
987,2002,1965,0,12,24
988,2002,1966,1,18,37
989,2002,1967,-1,17,18
990,2002,1968,3,21,41
991,2002,1969,0,18,25
992,2002,1970,-5,16,9
993,2002,1971,3,27,42
994,2002,1972,-3,24,15
995,2002,1973,19,46,49
996,2002,1974,-9,27,4
997,2002,1975,-4,36,12
998,2002,1976,4,40,44
999,2002,1977,1,41,38
1000,2002,1978,-5,36,10
1001,2002,1979,27,71,51
1002,2002,1980,-4,44,13
1003,2002,1981,-17,48,2
1004,2002,1982,9,65,47
1005,2002,1983,13,78,48
1006,2002,1984,-13,56,3
1007,2002,1985,-9,69,5
1008,2002,1986,24,110,50
1009,2002,1987,-24,86,1
1010,2002,1988,0,134,26
1011,2002,1989,0,139,27
1012,2002,1990,6,175,45
1013,2002,1991,0,170,28
1014,2002,1992,-6,169,7
1015,2002,1993,0,219,29
1016,2002,1994,0,236,30
1017,2002,1995,0,267,31
1018,2002,1996,0,302,32
1019,2002,1997,0,378,33
1020,2002,1998,0,464,34
1021,2002,1999,110,574,52
1022,2002,2000,166,630,53
1023,2002,2001,0,0,0
1024,2002,2002,0,0,0
1025,2003,1950,-2,1,15
1026,2003,1951,0,4,17
1027,2003,1952,-3,1,12
1028,2003,1953,2,7,42
1029,2003,1954,-2,5,16
1030,2003,1955,2,9,43
1031,2003,1956,0,7,18
1032,2003,1957,0,7,19
1033,2003,1958,0,7,20
1034,2003,1959,-3,4,13
1035,2003,1960,5,12,45
1036,2003,1961,-5,7,9
1037,2003,1962,0,14,21
1038,2003,1963,5,23,46
1039,2003,1964,0,18,22
1040,2003,1965,0,21,23
1041,2003,1966,-7,11,7
1042,2003,1967,8,26,48
1043,2003,1968,-4,14,11
1044,2003,1969,-8,18,5
1045,2003,1970,3,27,44
1046,2003,1971,6,33,47
1047,2003,1972,-3,24,14
1048,2003,1973,0,32,24
1049,2003,1974,-7,25,8
1050,2003,1975,0,33,25
1051,2003,1976,0,40,26
1052,2003,1977,27,68,52
1053,2003,1978,-8,41,6
1054,2003,1979,0,65,27
1055,2003,1980,-16,49,3
1056,2003,1981,0,80,28
1057,2003,1982,1,81,41
1058,2003,1983,0,81,29
1059,2003,1984,-5,76,10
1060,2003,1985,0,81,30
1061,2003,1986,24,105,51
1062,2003,1987,-24,81,1
1063,2003,1988,0,132,31
1064,2003,1989,0,132,32
1065,2003,1990,22,189,50
1066,2003,1991,-22,167,2
1067,2003,1992,15,204,49
1068,2003,1993,-15,189,4
1069,2003,1994,0,256,33
1070,2003,1995,0,287,34
1071,2003,1996,0,318,35
1072,2003,1997,0,396,36
1073,2003,1998,0,452,37
1074,2003,1999,0,473,38
1075,2003,2000,81,554,54
1076,2003,2001,71,544,53
1077,2003,2002,0,0,0
1078,2003,2003,0,0,0
1079,2004,1950,-2,1,11
1080,2004,1951,0,3,14
1081,2004,1952,0,2,15
1082,2004,1953,4,7,44
1083,2004,1954,-3,2,10
1084,2004,1955,2,9,42
1085,2004,1956,0,5,16
1086,2004,1957,6,11,46
1087,2004,1958,-4,1,8
1088,2004,1959,-1,5,13
1089,2004,1960,0,6,17
1090,2004,1961,6,14,47
1091,2004,1962,-4,8,9
1092,2004,1963,2,16,43
1093,2004,1964,0,12,18
1094,2004,1965,12,28,52
1095,2004,1966,-15,11,1
1096,2004,1967,0,26,19
1097,2004,1968,1,27,41
1098,2004,1969,-9,18,4
1099,2004,1970,0,28,20
1100,2004,1971,0,30,21
1101,2004,1972,7,37,49
1102,2004,1973,0,32,22
1103,2004,1974,-8,27,5
1104,2004,1975,0,35,23
1105,2004,1976,10,47,51
1106,2004,1977,5,52,45
1107,2004,1978,-10,37,2
1108,2004,1979,12,62,53
1109,2004,1980,-5,45,7
1110,2004,1981,0,50,24
1111,2004,1982,8,58,50
1112,2004,1983,-10,46,3
1113,2004,1984,-2,56,12
1114,2004,1985,0,58,25
1115,2004,1986,0,74,26
1116,2004,1987,0,76,27
1117,2004,1988,0,97,28
1118,2004,1989,0,108,29
1119,2004,1990,0,126,30
1120,2004,1991,0,135,31
1121,2004,1992,6,158,48
1122,2004,1993,-6,152,6
1123,2004,1994,0,196,32
1124,2004,1995,0,216,33
1125,2004,1996,0,301,34
1126,2004,1997,0,331,35
1127,2004,1998,0,392,36
1128,2004,1999,0,499,37
1129,2004,2000,0,529,38
1130,2004,2001,47,576,54
1131,2004,2002,106,635,55
1132,2004,2003,0,0,0
1133,2004,2004,0,0,0
1134,2005,1950,0,4,16
1135,2005,1951,0,4,17
1136,2005,1952,-3,1,10
1137,2005,1953,4,10,45
1138,2005,1954,0,6,18
1139,2005,1955,0,8,19
1140,2005,1956,-2,6,13
1141,2005,1957,3,11,42
1142,2005,1958,4,13,46
1143,2005,1959,-2,7,14
1144,2005,1960,0,9,20
1145,2005,1961,-6,3,8
1146,2005,1962,11,20,52
1147,2005,1963,12,32,53
1148,2005,1964,-12,8,4
1149,2005,1965,1,26,39
1150,2005,1966,-10,15,6
1151,2005,1967,0,25,21
1152,2005,1968,3,28,43
1153,2005,1969,0,25,22
1154,2005,1970,-6,19,9
1155,2005,1971,-1,24,15
1156,2005,1972,9,38,49
1157,2005,1973,0,31,23
1158,2005,1974,-9,29,7
1159,2005,1975,0,46,24
1160,2005,1976,0,50,25
1161,2005,1977,0,50,26
1162,2005,1978,1,58,40
1163,2005,1979,10,68,51
1164,2005,1980,-11,57,5
1165,2005,1981,0,68,27
1166,2005,1982,9,77,50
1167,2005,1983,7,84,48
1168,2005,1984,-23,61,2
1169,2005,1985,6,90,47
1170,2005,1986,2,92,41
1171,2005,1987,-16,76,3
1172,2005,1988,0,125,28
1173,2005,1989,0,141,29
1174,2005,1990,3,163,44
1175,2005,1991,-3,160,11
1176,2005,1992,36,210,55
1177,2005,1993,-33,174,1
1178,2005,1994,-3,207,12
1179,2005,1995,0,270,30
1180,2005,1996,0,337,31
1181,2005,1997,0,359,32
1182,2005,1998,0,467,33
1183,2005,1999,0,504,34
1184,2005,2000,0,595,35
1185,2005,2001,0,660,36
1186,2005,2002,78,738,56
1187,2005,2003,19,679,54
1188,2005,2004,0,0,0
1189,2005,2005,0,0,0
1190,2006,1950,-3,2,11
1191,2006,1951,0,5,18
1192,2006,1952,-2,0,0
1193,2006,1953,0,5,19
1194,2006,1954,-3,2,12
1195,2006,1955,0,6,20
1196,2006,1956,0,9,21
1197,2006,1957,0,11,22
1198,2006,1958,0,11,23
1199,2006,1959,3,14,46
1200,2006,1960,-2,11,15
1201,2006,1961,-1,13,17
1202,2006,1962,9,22,48
1203,2006,1963,15,37,52
1204,2006,1964,-12,10,3
1205,2006,1965,0,25,24
1206,2006,1966,-3,22,13
1207,2006,1967,2,30,44
1208,2006,1968,0,28,25
1209,2006,1969,-2,28,16
1210,2006,1970,0,37,26
1211,2006,1971,1,38,43
1212,2006,1972,0,37,27
1213,2006,1973,25,63,54
1214,2006,1974,-5,34,9
1215,2006,1975,4,51,47
1216,2006,1976,-8,39,7
1217,2006,1977,-4,47,10
1218,2006,1978,0,64,28
1219,2006,1979,9,83,49
1220,2006,1980,2,85,45
1221,2006,1981,-9,74,5
1222,2006,1982,0,83,29
1223,2006,1983,20,97,53
1224,2006,1984,-8,75,8
1225,2006,1985,-20,77,2
1226,2006,1986,11,112,51
1227,2006,1987,-11,101,4
1228,2006,1988,0,127,30
1229,2006,1989,0,165,31
1230,2006,1990,0,192,32
1231,2006,1991,26,226,55
1232,2006,1992,-26,200,1
1233,2006,1993,0,248,33
1234,2006,1994,0,292,34
1235,2006,1995,0,354,35
1236,2006,1996,0,400,36
1237,2006,1997,0,459,37
1238,2006,1998,0,570,38
1239,2006,1999,0,600,39
1240,2006,2000,9,720,50
1241,2006,2001,-9,711,6
1242,2006,2002,0,844,40
1243,2006,2003,139,983,57
1244,2006,2004,50,894,56
1245,2006,2005,0,0,0
1246,2006,2006,0,0,0
1247,2007,1950,-3,8,10
1248,2007,1951,1,12,40
1249,2007,1952,0,8,15
1250,2007,1953,0,11,16
1251,2007,1954,-3,8,11
1252,2007,1955,0,12,17
1253,2007,1956,6,20,46
1254,2007,1957,1,15,41
1255,2007,1958,0,14,18
1256,2007,1959,0,14,19
1257,2007,1960,0,14,20
1258,2007,1961,0,14,21
1259,2007,1962,6,26,47
1260,2007,1963,3,29,42
1261,2007,1964,-6,20,8
1262,2007,1965,-3,26,12
1263,2007,1966,0,34,22
1264,2007,1967,11,45,50
1265,2007,1968,15,51,52
1266,2007,1969,-16,21,4
1267,2007,1970,-1,36,14
1268,2007,1971,0,37,23
1269,2007,1972,7,45,48
1270,2007,1973,19,64,54
1271,2007,1974,-18,38,3
1272,2007,1975,-8,56,7
1273,2007,1976,4,69,44
1274,2007,1977,10,79,49
1275,2007,1978,-14,65,5
1276,2007,1979,0,82,24
1277,2007,1980,0,82,25
1278,2007,1981,0,84,26
1279,2007,1982,13,113,51
1280,2007,1983,17,120,53
1281,2007,1984,-13,100,6
1282,2007,1985,0,103,27
1283,2007,1986,61,164,57
1284,2007,1987,-65,99,1
1285,2007,1988,0,170,28
1286,2007,1989,0,176,29
1287,2007,1990,27,209,55
1288,2007,1991,-27,182,2
1289,2007,1992,3,253,43
1290,2007,1993,-3,250,13
1291,2007,1994,5,299,45
1292,2007,1995,-5,294,9
1293,2007,1996,0,394,30
1294,2007,1997,0,482,31
1295,2007,1998,0,552,32
1296,2007,1999,0,571,33
1297,2007,2000,0,748,34
1298,2007,2001,0,753,35
1299,2007,2002,0,930,36
1300,2007,2003,0,1033,37
1301,2007,2004,38,1071,56
1302,2007,2005,193,1226,58
1303,2007,2006,0,0,0
1304,2007,2007,0,0,0
1305,2008,1950,0,7,19
1306,2008,1951,0,7,20
1307,2008,1952,5,14,44
1308,2008,1953,-3,9,16
1309,2008,1954,-2,12,17
1310,2008,1955,5,21,45
1311,2008,1956,3,19,41
1312,2008,1957,0,16,21
1313,2008,1958,-2,14,18
1314,2008,1959,-5,9,13
1315,2008,1960,4,18,43
1316,2008,1961,-7,11,11
1317,2008,1962,11,29,52
1318,2008,1963,1,30,39
1319,2008,1964,-15,15,5
1320,2008,1965,6,38,49
1321,2008,1966,-5,32,14
1322,2008,1967,5,42,46
1323,2008,1968,5,37,47
1324,2008,1969,-17,18,4
1325,2008,1970,-7,28,12
1326,2008,1971,0,35,22
1327,2008,1972,3,42,42
1328,2008,1973,18,60,54
1329,2008,1974,-11,39,6
1330,2008,1975,-10,50,9
1331,2008,1976,9,60,51
1332,2008,1977,2,62,40
1333,2008,1978,-11,51,7
1334,2008,1979,13,78,53
1335,2008,1980,0,68,23
1336,2008,1981,-11,65,8
1337,2008,1982,8,76,50
1338,2008,1983,38,114,57
1339,2008,1984,-39,63,1
1340,2008,1985,0,102,24
1341,2008,1986,23,125,55
1342,2008,1987,-36,89,2
1343,2008,1988,0,155,25
1344,2008,1989,0,175,26
1345,2008,1990,26,209,56
1346,2008,1991,-8,183,10
1347,2008,1992,-18,191,3
1348,2008,1993,0,215,27
1349,2008,1994,0,223,28
1350,2008,1995,0,276,29
1351,2008,1996,0,335,30
1352,2008,1997,0,370,31
1353,2008,1998,5,469,48
1354,2008,1999,-5,464,15
1355,2008,2000,0,665,32
1356,2008,2001,0,686,33
1357,2008,2002,0,829,34
1358,2008,2003,0,866,35
1359,2008,2004,0,979,36
1360,2008,2005,251,1230,58
1361,2008,2006,340,1319,59
1362,2008,2007,0,0,0
1363,2008,2008,0,0,0
1364,2009,1950,-8,2,5
1365,2009,1951,6,16,48
1366,2009,1952,0,10,16
1367,2009,1953,0,12,17
1368,2009,1954,-7,5,6
1369,2009,1955,9,22,50
1370,2009,1956,0,13,18
1371,2009,1957,3,16,47
1372,2009,1958,-1,11,14
1373,2009,1959,-1,11,15
1374,2009,1960,0,12,19
1375,2009,1961,0,14,20
1376,2009,1962,0,18,21
1377,2009,1963,24,52,57
1378,2009,1964,0,28,22
1379,2009,1965,6,34,49
1380,2009,1966,0,28,23
1381,2009,1967,-2,26,12
1382,2009,1968,12,40,52
1383,2009,1969,-7,27,7
1384,2009,1970,0,40,24
1385,2009,1971,-6,34,9
1386,2009,1972,16,56,54
1387,2009,1973,13,69,53
1388,2009,1974,-22,40,1
1389,2009,1975,-5,62,10
1390,2009,1976,2,69,46
1391,2009,1977,-2,67,13
1392,2009,1978,0,73,25
1393,2009,1979,10,85,51
1394,2009,1980,-3,75,11
1395,2009,1981,-7,78,8
1396,2009,1982,0,98,26
1397,2009,1983,29,133,58
1398,2009,1984,0,106,27
1399,2009,1985,-16,104,4
1400,2009,1986,18,138,55
1401,2009,1987,-18,120,3
1402,2009,1988,0,143,28
1403,2009,1989,0,193,29
1404,2009,1990,0,195,30
1405,2009,1991,0,209,31
1406,2009,1992,20,243,56
1407,2009,1993,-20,223,2
1408,2009,1994,0,260,32
1409,2009,1995,0,296,33
1410,2009,1996,0,340,34
1411,2009,1997,0,427,35
1412,2009,1998,0,539,36
1413,2009,1999,0,581,37
1414,2009,2000,0,605,38
1415,2009,2001,0,676,39
1416,2009,2002,0,864,40
1417,2009,2003,0,971,41
1418,2009,2004,0,1088,42
1419,2009,2005,0,1216,43
1420,2009,2006,240,1456,60
1421,2009,2007,154,1370,59
1422,2009,2008,0,0,0
1423,2009,2009,0,0,0
1424,2010,1950,-4,4,13
1425,2010,1951,3,8,45
1426,2010,1952,0,5,20
1427,2010,1953,-3,4,16
1428,2010,1954,0,7,21
1429,2010,1955,4,15,46
1430,2010,1956,-4,11,14
1431,2010,1957,6,22,47
1432,2010,1958,6,22,48
1433,2010,1959,-5,16,10
1434,2010,1960,-7,14,8
1435,2010,1961,0,21,22
1436,2010,1962,7,32,49
1437,2010,1963,13,45,53
1438,2010,1964,-7,25,9
1439,2010,1965,17,53,56
1440,2010,1966,-5,31,11
1441,2010,1967,0,36,23
1442,2010,1968,21,57,57
1443,2010,1969,-4,32,15
1444,2010,1970,0,41,24
1445,2010,1971,-10,31,4
1446,2010,1972,10,66,52
1447,2010,1973,9,67,51
1448,2010,1974,-10,56,5
1449,2010,1975,-9,58,7
1450,2010,1976,13,81,54
1451,2010,1977,-3,68,17
1452,2010,1978,-10,71,6
1453,2010,1979,27,109,59
1454,2010,1980,0,82,25
1455,2010,1981,0,95,26
1456,2010,1982,-16,79,2
1457,2010,1983,14,115,55
1458,2010,1984,-14,101,3
1459,2010,1985,0,130,27
1460,2010,1986,21,151,58
1461,2010,1987,-19,130,1
1462,2010,1988,-2,149,18
1463,2010,1989,0,164,28
1464,2010,1990,7,211,50
1465,2010,1991,-2,204,19
1466,2010,1992,-5,206,12
1467,2010,1993,0,221,29
1468,2010,1994,0,313,30
1469,2010,1995,0,329,31
1470,2010,1996,0,367,32
1471,2010,1997,0,421,33
1472,2010,1998,0,524,34
1473,2010,1999,0,545,35
1474,2010,2000,0,617,36
1475,2010,2001,0,639,37
1476,2010,2002,0,858,38
1477,2010,2003,0,923,39
1478,2010,2004,0,1021,40
1479,2010,2005,0,1235,41
1480,2010,2006,0,1378,42
1481,2010,2007,187,1565,60
1482,2010,2008,292,1670,61
1483,2010,2009,0,0,0
1484,2010,2010,0,0,0
1485,2011,1950,-1,6,17
1486,2011,1951,0,7,19
1487,2011,1952,-5,2,12
1488,2011,1953,4,11,49
1489,2011,1954,0,7,20
1490,2011,1955,11,22,53
1491,2011,1956,-8,5,9
1492,2011,1957,-1,13,18
1493,2011,1958,2,15,47
1494,2011,1959,1,14,45
1495,2011,1960,-5,9,13
1496,2011,1961,-6,8,11
1497,2011,1962,9,26,51
1498,2011,1963,17,43,56
1499,2011,1964,-10,17,8
1500,2011,1965,0,41,21
1501,2011,1966,-14,27,5
1502,2011,1967,9,50,52
1503,2011,1968,4,43,50
1504,2011,1969,-11,28,6
1505,2011,1970,0,39,22
1506,2011,1971,-4,35,14
1507,2011,1972,21,65,57
1508,2011,1973,45,89,60
1509,2011,1974,-21,44,3
1510,2011,1975,-37,37,1
1511,2011,1976,15,78,55
1512,2011,1977,0,74,23
1513,2011,1978,-15,63,4
1514,2011,1979,22,101,58
1515,2011,1980,0,87,24
1516,2011,1981,-8,79,10
1517,2011,1982,0,87,25
1518,2011,1983,2,104,48
1519,2011,1984,-2,102,16
1520,2011,1985,0,119,26
1521,2011,1986,13,150,54
1522,2011,1987,-11,137,7
1523,2011,1988,1,151,46
1524,2011,1989,-3,148,15
1525,2011,1990,0,171,27
1526,2011,1991,31,202,59
1527,2011,1992,0,197,28
1528,2011,1993,-34,168,2
1529,2011,1994,0,248,29
1530,2011,1995,0,253,30
1531,2011,1996,0,305,31
1532,2011,1997,0,356,32
1533,2011,1998,0,430,33
1534,2011,1999,0,458,34
1535,2011,2000,0,525,35
1536,2011,2001,0,576,36
1537,2011,2002,0,698,37
1538,2011,2003,0,735,38
1539,2011,2004,0,857,39
1540,2011,2005,0,1014,40
1541,2011,2006,0,1238,41
1542,2011,2007,0,1330,42
1543,2011,2008,228,1558,61
1544,2011,2009,320,1650,62
1545,2011,2010,0,0,0
1546,2011,2011,0,0,0
1547,2012,1950,-2,6,18
1548,2012,1951,2,8,47
1549,2012,1952,0,6,22
1550,2012,1953,-2,6,19
1551,2012,1954,0,8,23
1552,2012,1955,15,23,52
1553,2012,1956,-2,8,20
1554,2012,1957,0,11,24
1555,2012,1958,-1,10,21
1556,2012,1959,0,11,25
1557,2012,1960,8,22,48
1558,2012,1961,-5,14,16
1559,2012,1962,-3,19,17
1560,2012,1963,18,53,54
1561,2012,1964,0,35,26
1562,2012,1965,0,41,27
1563,2012,1966,-10,27,8
1564,2012,1967,9,47,50
1565,2012,1968,0,37,28
1566,2012,1969,1,38,46
1567,2012,1970,-7,30,12
1568,2012,1971,-10,28,9
1569,2012,1972,26,62,59
1570,2012,1973,22,69,58
1571,2012,1974,-26,36,2
1572,2012,1975,-12,47,7
1573,2012,1976,8,67,49
1574,2012,1977,-8,59,11
1575,2012,1978,10,79,51
1576,2012,1979,18,97,55
1577,2012,1980,-10,69,10
1578,2012,1981,0,80,29
1579,2012,1982,-6,74,13
1580,2012,1983,19,99,56
1581,2012,1984,-13,80,6
1582,2012,1985,-6,93,14
1583,2012,1986,32,150,61
1584,2012,1987,-19,118,4
1585,2012,1988,0,143,30
1586,2012,1989,-6,137,15
1587,2012,1990,17,196,53
1588,2012,1991,-16,179,5
1589,2012,1992,21,217,57
1590,2012,1993,-22,195,3
1591,2012,1994,27,278,60
1592,2012,1995,-27,251,1
1593,2012,1996,0,334,31
1594,2012,1997,0,385,32
1595,2012,1998,0,470,33
1596,2012,1999,0,480,34
1597,2012,2000,0,499,35
1598,2012,2001,0,594,36
1599,2012,2002,0,730,37
1600,2012,2003,0,825,38
1601,2012,2004,0,945,39
1602,2012,2005,0,1150,40
1603,2012,2006,0,1293,41
1604,2012,2007,0,1362,42
1605,2012,2008,0,1553,43
1606,2012,2009,111,1664,62
1607,2012,2010,328,1881,63
1608,2012,2011,0,0,0
1609,2012,2012,0,0,0
1610,2013,1950,0,12,18
1611,2013,1951,0,12,19
1612,2013,1952,-3,9,14
1613,2013,1953,2,14,50
1614,2013,1954,-5,8,12
1615,2013,1955,12,26,54
1616,2013,1956,-3,13,15
1617,2013,1957,0,16,20
1618,2013,1958,3,19,51
1619,2013,1959,-5,13,13
1620,2013,1960,-1,18,17
1621,2013,1961,0,20,21
1622,2013,1962,0,29,22
1623,2013,1963,24,53,59
1624,2013,1964,-7,29,8
1625,2013,1965,1,40,49
1626,2013,1966,-3,36,16
1627,2013,1967,0,39,23
1628,2013,1968,21,58,58
1629,2013,1969,-7,32,9
1630,2013,1970,-7,37,10
1631,2013,1971,0,44,24
1632,2013,1972,24,70,60
1633,2013,1973,16,77,56
1634,2013,1974,-15,46,5
1635,2013,1975,0,61,25
1636,2013,1976,-11,50,6
1637,2013,1977,0,84,26
1638,2013,1978,14,98,55
1639,2013,1979,31,118,61
1640,2013,1980,-23,73,3
1641,2013,1981,-9,87,7
1642,2013,1982,0,96,27
1643,2013,1983,0,105,28
1644,2013,1984,0,111,29
1645,2013,1985,7,119,52
1646,2013,1986,36,155,62
1647,2013,1987,-36,112,1
1648,2013,1988,0,155,30
1649,2013,1989,-7,148,11
1650,2013,1990,8,233,53
1651,2013,1991,0,225,31
1652,2013,1992,0,225,32
1653,2013,1993,-25,200,2
1654,2013,1994,17,278,57
1655,2013,1995,-17,261,4
1656,2013,1996,0,343,33
1657,2013,1997,0,395,34
1658,2013,1998,0,477,35
1659,2013,1999,0,495,36
1660,2013,2000,0,545,37
1661,2013,2001,0,637,38
1662,2013,2002,0,707,39
1663,2013,2003,0,827,40
1664,2013,2004,0,866,41
1665,2013,2005,0,1209,42
1666,2013,2006,0,1278,43
1667,2013,2007,0,1444,44
1668,2013,2008,0,1540,45
1669,2013,2009,0,1618,46
1670,2013,2010,218,1836,64
1671,2013,2011,216,1834,63
1672,2013,2012,0,0,0
1673,2013,2013,0,0,0
1674,2014,1950,-11,3,8
1675,2014,1951,11,22,52
1676,2014,1952,-4,7,12
1677,2014,1953,-4,11,13
1678,2014,1954,0,15,19
1679,2014,1955,12,28,53
1680,2014,1956,0,16,20
1681,2014,1957,9,25,50
1682,2014,1958,0,16,21
1683,2014,1959,-1,16,17
1684,2014,1960,3,20,48
1685,2014,1961,-3,17,15
1686,2014,1962,0,24,22
1687,2014,1963,24,57,60
1688,2014,1964,-4,33,14
1689,2014,1965,14,51,55
1690,2014,1966,0,37,23
1691,2014,1967,-2,35,16
1692,2014,1968,17,54,57
1693,2014,1969,-1,34,18
1694,2014,1970,0,50,24
1695,2014,1971,-17,33,6
1696,2014,1972,22,72,59
1697,2014,1973,41,92,63
1698,2014,1974,-22,48,3
1699,2014,1975,-19,51,4
1700,2014,1976,0,70,25
1701,2014,1977,9,79,51
1702,2014,1978,-9,70,11
1703,2014,1979,27,108,61
1704,2014,1980,-11,81,9
1705,2014,1981,-10,92,10
1706,2014,1982,0,102,26
1707,2014,1983,20,123,58
1708,2014,1984,0,121,27
1709,2014,1985,-18,103,5
1710,2014,1986,33,154,62
1711,2014,1987,-47,107,1
1712,2014,1988,0,169,28
1713,2014,1989,0,179,29
1714,2014,1990,0,235,30
1715,2014,1991,6,241,49
1716,2014,1992,15,256,56
1717,2014,1993,-27,229,2
1718,2014,1994,13,297,54
1719,2014,1995,-13,284,7
1720,2014,1996,0,368,31
1721,2014,1997,0,409,32
1722,2014,1998,0,464,33
1723,2014,1999,0,464,34
1724,2014,2000,0,645,35
1725,2014,2001,0,646,36
1726,2014,2002,0,794,37
1727,2014,2003,0,864,38
1728,2014,2004,0,973,39
1729,2014,2005,0,1272,40
1730,2014,2006,0,1305,41
1731,2014,2007,0,1429,42
1732,2014,2008,0,1595,43
1733,2014,2009,0,1858,44
1734,2014,2010,0,1900,45
1735,2014,2011,160,2060,64
1736,2014,2012,211,2111,65
1737,2014,2013,0,0,0
1738,2014,2014,0,0,0
1739,2015,1950,-9,11,10
1740,2015,1951,1,21,47
1741,2015,1952,-3,8,16
1742,2015,1953,2,23,49
1743,2015,1954,-1,11,18
1744,2015,1955,2,22,50
1745,2015,1956,-5,12,12
1746,2015,1957,3,20,51
1747,2015,1958,1,17,48
1748,2015,1959,-1,16,19
1749,2015,1960,-4,13,14
1750,2015,1961,0,26,20
1751,2015,1962,0,31,21
1752,2015,1963,29,66,62
1753,2015,1964,0,37,22
1754,2015,1965,20,59,59
1755,2015,1966,-2,37,17
1756,2015,1967,-10,39,9
1757,2015,1968,19,60,58
1758,2015,1969,8,49,54
1759,2015,1970,-8,41,11
1760,2015,1971,-12,37,7
1761,2015,1972,11,73,55
1762,2015,1973,21,94,60
1763,2015,1974,-12,62,8
1764,2015,1975,-4,74,15
1765,2015,1976,0,78,23
1766,2015,1977,0,93,24
1767,2015,1978,6,99,53
1768,2015,1979,46,145,64
1769,2015,1980,-26,73,4
1770,2015,1981,0,107,25
1771,2015,1982,-27,80,3
1772,2015,1983,31,138,63
1773,2015,1984,0,108,26
1774,2015,1985,-28,101,2
1775,2015,1986,18,147,57
1776,2015,1987,-18,129,5
1777,2015,1988,5,179,52
1778,2015,1989,-5,174,13
1779,2015,1990,0,243,27
1780,2015,1991,26,269,61
1781,2015,1992,0,260,28
1782,2015,1993,-37,232,1
1783,2015,1994,0,316,29
1784,2015,1995,0,317,30
1785,2015,1996,0,362,31
1786,2015,1997,0,473,32
1787,2015,1998,0,518,33
1788,2015,1999,0,542,34
1789,2015,2000,0,644,35
1790,2015,2001,0,697,36
1791,2015,2002,0,781,37
1792,2015,2003,0,896,38
1793,2015,2004,0,999,39
1794,2015,2005,14,1324,56
1795,2015,2006,-14,1310,6
1796,2015,2007,0,1488,40
1797,2015,2008,0,1699,41
1798,2015,2009,0,1737,42
1799,2015,2010,0,1959,43
1800,2015,2011,61,2128,65
1801,2015,2012,137,2204,66
1802,2015,2013,0,2067,44
1803,2015,2014,0,0,0
1804,2015,2015,0,0,0
